team_name,team_id,season,league,team_in_season,wins,losses,finish,average_age,average_height,average_weight,games,minutes,field_goals,field_goal_attempts,field_goal_percentage,three_points,three_point_attempts,three_point_percentage,two_points,two_point_attempts,two_point_percentage,free_throws,free_throw_attempts,free_throw_percentage,offensive_rebounds,defensive_rebounds,total_rebounds,assists,steals,blocks,turnovers,personal_fouls,points
ATL,ATL,2025-26,NBA,ATL,46,36,1,25.2,6-7,211,82,19755,3575,7541,.474,1201,3237,.371,2374,4304,.552,1363,1762,.774,900,2670,3570,2471,768,384,1162,1612,9714
ATL,ATL,2024-25,NBA,ATL,40,42,2,24.9,6-6,209,82,19780,3556,7528,.472,1107,3089,.358,2449,4439,.552,1472,1900,.775,974,2675,3649,2426,798,419,1273,1564,9691
ATL,ATL,2023-24,NBA,ATL,36,46,3,26.2,6-6,211,82,19855,3529,7584,.465,1125,3092,.364,2404,4492,.535,1520,1906,.797,1024,2639,3663,2180,615,369,1110,1522,9703
ATL,ATL,2022-23,NBA,ATL,41,41,2,24.9,6-6,210,82,19855,3658,7574,.483,882,2505,.352,2776,5069,.548,1513,1850,.818,920,2719,3639,2049,580,401,1060,1541,9711
ATL,ATL,2021-22,NBA,ATL,43,39,2,26.1,6-6,211,82,19705,3401,7241,.470,1056,2821,.374,2345,4420,.531,1485,1829,.812,823,2783,3606,2017,587,348,972,1534,9343
ATL,ATL,2020-21,NBA,ATL,41,31,1,25.4,6-6,212,72,17405,2937,6281,.468,895,2402,.373,2042,3879,.526,1417,1745,.812,760,2525,3285,1737,503,342,953,1392,8186
ATL,ATL,2019-20,NBA,ATL,20,47,5,24.1,6-6,213,67,16280,2723,6067,.449,805,2416,.333,1918,3651,.525,1237,1566,.790,661,2237,2898,1605,523,341,1086,1548,7488
BOS,BOS,2025-26,NBA,BOS,56,26,1,26.9,6-6,213,82,19730,3456,7398,.467,1268,3456,.367,2188,3942,.555,1238,1534,.807,1025,2777,3802,2021,585,410,1014,1562,9418
BOS,BOS,2024-25,NBA,BOS,61,21,1,28.9,6-7,216,82,19830,3413,7382,.462,1457,3955,.368,1956,3427,.571,1251,1565,.799,933,2783,3716,2144,589,452,973,1303,9534
BOS,BOS,2023-24,NBA,BOS,64,18,1,28.2,6-7,216,82,19830,3601,7396,.487,1351,3482,.388,2250,3914,.575,1334,1654,.807,876,2923,3799,2207,557,538,979,1326,9887
BOS,BOS,2022-23,NBA,BOS,57,25,1,27.4,6-6,222,82,19980,3460,7278,.475,1315,3492,.377,2145,3786,.567,1436,1769,.812,796,2921,3717,2186,521,430,1095,1542,9671
BOS,BOS,2021-22,NBA,BOS,51,31,1,26.1,6-5,218,82,19905,3341,7167,.466,1085,3044,.356,2256,4123,.547,1397,1713,.816,863,2915,3778,2036,591,478,1118,1521,9164
BOS,BOS,2020-21,NBA,BOS,36,36,4,25.1,6-5,220,72,17380,2985,6401,.466,979,2618,.374,2006,3783,.530,1160,1496,.775,765,2421,3186,1689,556,383,1012,1471,8109
BOS,BOS,2019-20,NBA,BOS,48,24,2,25.3,6-5,221,72,17430,2971,6448,.461,905,2487,.364,2066,3961,.522,1336,1668,.801,768,2549,3317,1655,595,406,995,1553,8183
NJN,NJN,2025-26,NBA,BRK,20,62,5,23.5,6-7,213,82,19755,3071,6933,.443,1073,3152,.340,1998,3781,.528,1471,1885,.780,847,2378,3225,2050,653,350,1292,1728,8686
NJN,NJN,2024-25,NBA,BRK,26,56,4,24.7,6-7,213,82,19780,3086,7060,.437,1113,3232,.344,1973,3828,.515,1334,1696,.787,894,2493,3387,2063,639,352,1244,1698,8619
NJN,NJN,2023-24,NBA,BRK,32,50,4,26.1,6-6,215,82,19805,3334,7307,.456,1089,3010,.362,2245,4297,.522,1293,1711,.756,938,2675,3613,2102,556,424,1076,1516,9050
NJN,NJN,2022-23,NBA,BRK,45,37,4,28.0,6-6,216,82,19730,3399,6978,.487,1048,2771,.378,2351,4207,.559,1449,1811,.800,674,2648,3322,2093,585,506,1127,1730,9295
NJN,NJN,2021-22,NBA,BRK,44,38,4,29.1,6-6,217,82,19755,3442,7251,.475,940,2602,.361,2502,4649,.538,1434,1781,.805,844,2796,3640,2071,582,448,1153,1670,9258
NJN,NJN,2020-21,NBA,BRK,48,24,2,28.2,6-6,219,72,17405,3106,6289,.494,1020,2600,.392,2086,3689,.565,1305,1623,.804,640,2559,3199,1929,484,379,975,1371,8537
NJN,NJN,2019-20,NBA,BRK,35,37,4,26.3,6-6,220,72,17480,2908,6498,.448,941,2746,.343,1967,3752,.524,1291,1732,.745,766,2683,3449,1761,464,323,1099,1510,8048
CHA,CHA,2025-26,NBA,CHO,44,38,3,24.0,6-7,211,82,19755,3357,7292,.460,1343,3549,.378,2014,3743,.538,1456,1780,.818,1048,2730,3778,2160,577,369,1264,1564,9513
CHA,CHA,2024-25,NBA,CHO,19,63,4,25.1,6-6,208,82,19755,3142,7308,.430,1065,3143,.339,2077,4165,.499,1269,1621,.783,1003,2703,3706,1994,607,368,1271,1535,8618
CHA,CHA,2023-24,NBA,CHO,21,61,4,25.1,6-7,210,82,19730,3281,7133,.460,989,2788,.355,2292,4345,.528,1189,1512,.786,765,2538,3303,2033,562,371,1129,1472,8740
CHA,CHA,2022-23,NBA,CHO,27,55,5,25.3,6-6,212,82,19830,3385,7413,.457,881,2669,.330,2504,4744,.528,1447,1933,.749,901,2751,3652,2062,634,425,1164,1661,9098
CHA,CHA,2021-22,NBA,CHO,43,39,3,25.5,6-6,211,82,19880,3508,7497,.468,1143,3130,.365,2365,4367,.542,1298,1753,.740,888,2767,3655,2302,707,402,1087,1629,9457
CHA,CHA,2020-21,NBA,CHO,33,39,4,24.6,6-5,213,72,17355,2875,6324,.455,985,2666,.369,1890,3658,.517,1146,1505,.761,762,2389,3151,1933,565,344,1069,1297,7881
CHA,CHA,2019-20,NBA,CHO,23,42,3,24.3,6-5,217,65,15750,2425,5586,.434,785,2231,.352,1640,3355,.489,1052,1406,.748,715,2066,2781,1549,428,268,949,1223,6687
CHI,CHI,2025-26,NBA,CHI,31,51,4,25.3,6-5,212,82,19755,3476,7417,.469,1169,3287,.356,2307,4130,.559,1416,1824,.776,849,2845,3694,2335,627,410,1257,1561,9537
CHI,CHI,2024-25,NBA,CHI,39,43,5,25.2,6-7,211,82,19755,3543,7545,.470,1266,3447,.367,2277,4098,.556,1308,1617,.809,825,2935,3760,2383,621,386,1203,1444,9660
CHI,CHI,2023-24,NBA,CHI,39,43,4,28.1,6-6,216,82,19980,3448,7339,.470,941,2630,.358,2507,4709,.532,1369,1731,.791,916,2677,3593,2048,638,394,1004,1541,9206
CHI,CHI,2022-23,NBA,CHI,40,42,3,27.5,6-6,214,82,19905,3488,7116,.490,854,2367,.361,2634,4749,.555,1446,1788,.809,694,2779,3473,2006,644,371,1097,1551,9276
CHI,CHI,2021-22,NBA,CHI,46,36,2,26.3,6-6,213,82,19730,3422,7127,.480,872,2364,.369,2550,4763,.535,1436,1766,.813,711,2760,3471,1958,585,336,1053,1540,9152
CHI,CHI,2020-21,NBA,CHI,31,41,3,25.6,6-6,218,72,17380,3035,6380,.476,904,2446,.370,2131,3934,.542,995,1258,.791,693,2544,3237,1927,482,304,1089,1362,7969
CHI,CHI,2019-20,NBA,CHI,22,43,3,24.4,6-7,219,65,15675,2573,5762,.447,793,2282,.348,1780,3480,.511,1006,1332,.755,680,2041,2721,1510,652,265,1005,1417,6945
CLE,CLE,2025-26,NBA,CLE,52,30,2,27.2,6-5,212,82,19755,3554,7381,.482,1173,3261,.360,2381,4120,.578,1520,1959,.776,961,2682,3643,2321,697,409,1147,1605,9801
CLE,CLE,2024-25,NBA,CLE,64,18,1,26.6,6-6,215,82,19755,3652,7444,.491,1303,3401,.383,2349,4043,.581,1392,1793,.776,917,2806,3723,2304,670,350,1082,1487,9999
CLE,CLE,2023-24,NBA,CLE,48,34,2,26.2,6-6,218,82,19805,3425,7148,.479,1108,3016,.367,2317,4132,.561,1278,1671,.765,807,2742,3549,2299,605,380,1112,1436,9236
CLE,CLE,2022-23,NBA,CLE,51,31,2,25.4,6-6,219,82,19880,3408,6984,.488,950,2589,.367,2458,4395,.559,1439,1844,.780,795,2574,3369,2045,586,384,1094,1560,9205
CLE,CLE,2021-22,NBA,CLE,44,38,3,24.7,6-6,220,82,19730,3255,6940,.469,953,2686,.355,2302,4254,.541,1376,1810,.760,837,2786,3623,2064,580,343,1181,1433,8839
CLE,CLE,2020-21,NBA,CLE,22,50,4,24.0,6-6,223,72,17430,2778,6175,.450,720,2141,.336,2058,4034,.510,1200,1614,.743,751,2327,3078,1716,559,325,1114,1308,7476
CLE,CLE,2019-20,NBA,CLE,19,46,5,25.0,6-5,221,65,15725,2619,5715,.458,727,2070,.351,1892,3645,.519,983,1296,.758,704,2172,2876,1500,447,211,1073,1188,6948
DAL,DAL,2025-26,NBA,DAL,26,56,4,26.2,6-6,213,82,19855,3432,7366,.466,899,2615,.344,2533,4751,.533,1595,2113,.755,863,2803,3666,2072,619,423,1193,1508,9358
DAL,DAL,2024-25,NBA,DAL,39,43,3,27.5,6-6,217,82,19730,3443,7194,.479,1020,2801,.364,2423,4393,.552,1458,1894,.770,828,2702,3530,2070,636,445,1151,1458,9364
DAL,DAL,2023-24,NBA,DAL,50,32,1,26.5,6-6,217,82,19705,3535,7352,.481,1197,3242,.369,2338,4110,.569,1397,1842,.758,797,2724,3521,2106,563,406,1027,1500,9664
DAL,DAL,2022-23,NBA,DAL,38,44,3,27.8,6-6,215,82,19930,3283,6909,.475,1246,3362,.371,2037,3547,.574,1554,2057,.755,625,2556,3181,1880,514,304,1002,1697,9366
DAL,DAL,2021-22,NBA,DAL,52,30,2,26.7,6-6,218,82,19755,3222,6982,.461,1073,3063,.350,2149,3919,.548,1341,1739,.771,759,2769,3528,1918,552,325,1025,1612,8858
DAL,DAL,2020-21,NBA,DAL,42,30,1,26.3,6-7,219,72,17305,2958,6287,.470,994,2744,.362,1964,3543,.554,1186,1524,.778,657,2463,3120,1647,450,311,869,1396,8096
DAL,DAL,2019-20,NBA,DAL,43,32,2,26.1,6-6,217,75,18175,3124,6772,.461,1136,3095,.367,1988,3677,.541,1392,1787,.779,791,2729,3520,1849,460,363,953,1462,8776
DEN,DEN,2025-26,NBA,DEN,54,28,2,27.8,6-6,223,82,19930,3570,7196,.496,1161,2934,.396,2409,4262,.565,1709,2116,.808,801,2805,3606,2375,560,325,1057,1569,10010
DEN,DEN,2024-25,NBA,DEN,50,32,2,27.0,6-7,225,82,19855,3724,7360,.506,984,2619,.376,2740,4741,.578,1470,1909,.770,919,2832,3751,2542,656,402,1169,1444,9902
DEN,DEN,2023-24,NBA,DEN,57,25,2,27.1,6-7,224,82,19705,3610,7279,.496,958,2560,.374,2652,4719,.562,1240,1628,.762,881,2763,3644,2415,585,457,1036,1489,9418
DEN,DEN,2022-23,NBA,DEN,53,29,1,26.6,6-6,225,82,19755,3574,7088,.504,969,2559,.379,2605,4529,.575,1378,1834,.751,828,2699,3527,2368,618,368,1192,1525,9495
DEN,DEN,2021-22,NBA,DEN,48,34,2,27.7,6-5,217,82,19805,3416,7079,.483,1039,2944,.353,2377,4135,.575,1372,1725,.795,752,2865,3617,2279,592,305,1189,1639,9243
DEN,DEN,2020-21,NBA,DEN,47,25,2,26.1,6-6,222,72,17480,3114,6422,.485,927,2462,.377,2187,3960,.552,1129,1406,.803,758,2442,3200,1933,582,323,972,1374,8284
DEN,DEN,2019-20,NBA,DEN,46,27,1,25.6,6-6,221,73,17745,3069,6488,.473,801,2234,.359,2268,4254,.533,1185,1526,.777,786,2436,3222,1952,586,337,1005,1485,8124
DET,DET,2025-26,NBA,DET,60,22,1,26.1,6-6,214,82,19805,3560,7340,.485,902,2534,.356,2658,4806,.553,1635,2144,.763,1073,2663,3736,2281,856,523,1241,1803,9657
DET,DET,2024-25,NBA,DET,44,38,4,25.8,6-6,214,82,19805,3503,7363,.476,1051,2901,.362,2452,4462,.550,1414,1826,.774,931,2739,3670,2165,652,431,1219,1695,9471
DET,DET,2023-24,NBA,DET,14,68,5,23.8,6-6,218,82,19755,3353,7236,.463,906,2602,.348,2447,4634,.528,1398,1780,.785,861,2692,3553,2088,531,384,1248,1688,9010
DET,DET,2022-23,NBA,DET,17,65,5,24.1,6-6,218,82,19805,3244,7140,.454,934,2659,.351,2310,4481,.516,1623,2106,.771,916,2564,3480,1884,574,308,1237,1813,9045
DET,DET,2021-22,NBA,DET,23,59,5,23.6,6-6,215,82,19780,3129,7267,.431,925,2838,.326,2204,4429,.498,1413,1806,.782,900,2625,3525,1924,630,393,1163,1799,8596
DET,DET,2020-21,NBA,DET,20,52,5,24.5,6-6,217,72,17430,2783,6162,.452,832,2370,.351,1951,3792,.515,1278,1683,.759,694,2381,3075,1743,531,371,1075,1477,7676
DET,DET,2019-20,NBA,DET,20,46,4,25.9,6-6,218,66,15965,2595,5658,.459,791,2157,.367,1804,3501,.515,1097,1476,.743,644,2109,2753,1589,490,299,1008,1299,7078
GSW,GSW,2025-26,NBA,GSW,37,45,4,28.6,6-5,212,82,19805,3357,7280,.461,1286,3616,.356,2071,3664,.565,1398,1732,.807,932,2540,3472,2369,796,346,1284,1608,9398
GSW,GSW,2024-25,NBA,GSW,48,34,3,28.6,6-5,211,82,19730,3342,7412,.451,1264,3475,.364,2078,3937,.528,1383,1811,.764,1029,2692,3721,2386,771,391,1152,1571,9331
GSW,GSW,2023-24,NBA,GSW,46,36,5,28.4,6-5,207,82,19830,3582,7515,.477,1211,3191,.380,2371,4324,.548,1282,1644,.780,996,2834,3830,2402,572,377,1174,1598,9657
GSW,GSW,2022-23,NBA,GSW,44,38,4,27.3,6-5,209,82,19830,3538,7393,.479,1363,3540,.385,2175,3853,.564,1314,1655,.794,864,2793,3657,2446,588,323,1336,1757,9753
GSW,GSW,2021-22,NBA,GSW,53,29,2,27.6,6-5,205,82,19730,3323,7087,.469,1176,3231,.364,2147,3856,.557,1280,1665,.769,800,2930,3730,2223,719,372,1221,1723,9102
GSW,GSW,2020-21,NBA,GSW,39,33,4,26.7,6-5,207,72,17305,2973,6347,.468,1048,2789,.376,1925,3558,.541,1193,1520,.785,574,2524,3098,1991,587,342,1080,1526,8187
GSW,GSW,2019-20,NBA,GSW,15,50,5,24.4,6-6,219,65,15725,2510,5730,.438,678,2032,.334,1832,3698,.495,1214,1511,.803,647,2138,2785,1663,534,299,969,1304,6912
HOU,HOU,2025-26,NBA,HOU,52,30,2,26.5,6-7,220,82,19905,3523,7361,.479,940,2580,.364,2583,4781,.540,1463,1917,.763,1233,2713,3946,2083,701,473,1261,1501,9449
HOU,HOU,2024-25,NBA,HOU,52,30,1,24.9,6-6,214,82,19780,3484,7659,.455,1038,2938,.353,2446,4721,.518,1366,1851,.738,1200,2774,3974,1914,689,411,1139,1557,9372
HOU,HOU,2023-24,NBA,HOU,41,41,3,25.1,6-6,214,82,19855,3425,7459,.459,1043,2964,.352,2382,4495,.530,1482,1916,.773,940,2787,3727,2035,639,375,1045,1702,9375
HOU,HOU,2022-23,NBA,HOU,22,60,4,22.1,6-6,214,82,19755,3329,7287,.457,856,2619,.327,2473,4668,.530,1567,2078,.754,1100,2695,3795,1835,600,374,1332,1679,9081
HOU,HOU,2021-22,NBA,HOU,20,62,5,24.1,6-5,212,82,19755,3229,7083,.456,1105,3170,.349,2124,3913,.543,1434,2010,.713,786,2660,3446,1932,600,382,1351,1692,8997
HOU,HOU,2020-21,NBA,HOU,17,55,5,26.5,6-5,219,72,17305,2826,6372,.444,992,2923,.339,1834,3449,.532,1189,1606,.740,671,2396,3067,1699,546,361,1060,1407,7833
HOU,HOU,2019-20,NBA,HOU,44,28,1,29.2,6-5,218,72,17380,2936,6512,.451,1126,3261,.345,1810,3251,.557,1484,1876,.791,704,2484,3188,1557,627,371,1057,1566,8482
IND,IND,2025-26,NBA,IND,19,63,5,26.1,6-6,216,82,19755,3346,7304,.458,1097,3084,.356,2249,4220,.533,1430,1842,.776,806,2633,3439,2269,605,374,1190,1710,9219
IND,IND,2024-25,NBA,IND,50,32,2,25.8,6-6,213,82,19855,3574,7326,.488,1081,2934,.368,2493,4392,.568,1395,1768,.789,752,2678,3430,2398,694,448,1082,1533,9624
IND,IND,2023-24,NBA,IND,47,35,3,25.3,6-6,212,82,19705,3855,7599,.507,1082,2891,.374,2773,4708,.589,1318,1685,.782,827,2578,3405,2522,631,481,1059,1756,10110
IND,IND,2022-23,NBA,IND,35,47,4,24.5,6-6,210,82,19755,3444,7345,.469,1112,3030,.367,2332,4315,.540,1535,1944,.790,832,2575,3407,2213,631,478,1225,1741,9535
IND,IND,2021-22,NBA,IND,25,57,4,26.0,6-6,213,82,19880,3398,7338,.463,997,2899,.344,2401,4439,.541,1347,1754,.768,925,2671,3596,2081,582,457,1183,1675,9140
IND,IND,2020-21,NBA,IND,34,38,2,26.5,6-5,213,72,17455,3115,6567,.474,889,2445,.364,2226,4122,.540,1183,1493,.792,648,2424,3072,1973,611,460,975,1453,8302
IND,IND,2019-20,NBA,IND,45,28,2,25.6,6-6,214,73,17620,3075,6457,.476,743,2046,.363,2332,4411,.529,1096,1393,.787,636,2489,3125,1888,543,376,967,1445,7989
LAC,LAC,2025-26,NBA,LAC,42,40,3,30.0,6-6,221,82,19780,3322,6857,.484,1019,2772,.368,2303,4085,.564,1666,2025,.823,784,2545,3329,1947,738,400,1176,1549,9329
LAC,LAC,2024-25,NBA,LAC,50,32,2,29.7,6-6,219,82,19805,3409,7075,.482,1022,2738,.373,2387,4337,.550,1416,1776,.797,841,2750,3591,2064,773,370,1220,1503,9256
LAC,LAC,2023-24,NBA,LAC,51,31,1,30.4,6-6,220,82,19705,3473,7108,.489,1036,2719,.381,2437,4389,.555,1499,1817,.825,822,2701,3523,2097,640,413,1078,1519,9481
LAC,LAC,2022-23,NBA,LAC,44,38,3,29.7,6-6,219,82,19830,3370,7059,.477,1041,2735,.381,2329,4324,.539,1533,1962,.781,803,2742,3545,1959,580,364,1167,1598,9314
LAC,LAC,2021-22,NBA,LAC,42,40,3,27.5,6-6,218,82,19780,3285,7170,.458,1047,2802,.374,2238,4368,.512,1273,1606,.793,747,2860,3607,1969,608,406,1126,1528,8890
LAC,LAC,2020-21,NBA,LAC,47,25,2,28.8,6-6,217,72,17280,3009,6242,.482,1027,2498,.411,1982,3744,.529,1164,1387,.839,678,2501,3179,1756,509,295,950,1383,8209
LAC,LAC,2019-20,NBA,LAC,49,23,2,27.4,6-6,213,72,17380,2992,6425,.466,895,2410,.371,2097,4015,.522,1498,1894,.791,767,2664,3431,1708,511,338,1051,1594,8377
LAL,LAL,2025-26,NBA,LAL,53,29,1,28.0,6-7,226,82,19705,3448,6863,.502,970,2701,.359,2478,4162,.595,1674,2194,.763,774,2587,3361,2122,701,351,1188,1517,9540
LAL,LAL,2024-25,NBA,LAL,50,32,1,27.9,6-7,220,82,19730,3356,7007,.479,1092,2981,.366,2264,4026,.562,1494,1902,.785,792,2687,3479,2131,633,367,1145,1415,9298
LAL,LAL,2023-24,NBA,LAL,47,35,3,28.0,6-7,221,82,19855,3580,7177,.499,969,2572,.377,2611,4605,.567,1550,1983,.782,676,2859,3535,2340,605,453,1146,1283,9679
LAL,LAL,2022-23,NBA,LAL,43,39,5,27.9,6-5,212,82,19880,3516,7298,.482,885,2558,.346,2631,4740,.555,1691,2182,.775,818,2930,3748,2072,526,378,1154,1466,9608
LAL,LAL,2021-22,NBA,LAL,33,49,4,30.2,6-5,221,82,19980,3415,7279,.469,982,2826,.347,2433,4453,.546,1380,1884,.732,782,2826,3608,1968,626,425,1191,1654,9192
LAL,LAL,2020-21,NBA,LAL,42,30,3,28.2,6-6,223,72,17455,2925,6197,.472,796,2248,.354,2129,3949,.539,1241,1679,.739,695,2490,3185,1775,562,386,1095,1377,7887
LAL,LAL,2019-20,NBA,LAL,52,19,1,29.5,6-7,224,71,17090,3006,6269,.480,782,2242,.349,2224,4027,.552,1260,1728,.729,757,2490,3247,1803,612,468,1077,1471,8054
MEM,MEM,2025-26,NBA,MEM,25,57,5,24.6,6-6,213,82,19730,3390,7431,.456,1143,3241,.353,2247,4190,.536,1480,1867,.793,916,2538,3454,2283,723,393,1236,1680,9403
MEM,MEM,2024-25,NBA,MEM,48,34,2,24.7,6-7,219,82,19705,3670,7654,.479,1141,3106,.367,2529,4548,.556,1499,1908,.786,1056,2819,3875,2330,726,462,1285,1711,9980
MEM,MEM,2023-24,NBA,MEM,27,55,4,24.4,6-6,220,82,19780,3145,7230,.435,1071,3097,.346,2074,4133,.502,1316,1722,.764,896,2598,3494,2025,673,501,1236,1563,8677
MEM,MEM,2022-23,NBA,MEM,51,31,1,24.4,6-6,220,82,19780,3585,7551,.475,985,2807,.351,2600,4744,.548,1432,1954,.733,988,2835,3823,2135,680,473,1116,1643,9587
MEM,MEM,2021-22,NBA,MEM,56,26,1,24.0,6-6,219,82,19780,3571,7739,.461,945,2679,.353,2626,5060,.519,1393,1898,.734,1159,2873,4032,2131,800,533,1082,1620,9480
MEM,MEM,2020-21,NBA,MEM,38,34,2,24.2,6-6,217,72,17405,3085,6608,.467,803,2258,.356,2282,4350,.525,1184,1536,.771,803,2543,3346,1938,655,364,957,1349,8157
MEM,MEM,2019-20,NBA,MEM,34,39,3,24.1,6-6,220,73,17570,3106,6634,.468,798,2297,.347,2308,4337,.532,1212,1589,.763,754,2643,3397,1965,576,398,1113,1546,8222
MIA,MIA,2025-26,NBA,MIA,43,39,4,26.2,6-5,216,82,19705,3582,7648,.468,1123,3107,.361,2459,4541,.542,1624,2051,.792,970,2825,3795,2374,709,349,1120,1547,9911
MIA,MIA,2024-25,NBA,MIA,37,45,3,26.8,6-6,218,82,19930,3318,7138,.465,1124,3060,.367,2194,4078,.538,1309,1654,.791,798,2760,3558,2166,668,314,1114,1275,9069
MIA,MIA,2023-24,NBA,MIA,46,36,2,28.0,6-6,219,82,19755,3266,7022,.465,1022,2765,.370,2244,4257,.527,1478,1806,.818,766,2702,3468,2116,617,280,1038,1415,9032
MIA,MIA,2022-23,NBA,MIA,44,38,1,27.7,6-5,217,82,19805,3215,6991,.460,980,2852,.344,2235,4139,.540,1567,1885,.831,796,2533,3329,1955,655,243,1106,1516,8977
MIA,MIA,2021-22,NBA,MIA,53,29,1,28.2,6-5,220,82,19855,3246,6954,.467,1114,2936,.379,2132,4018,.531,1416,1753,.808,807,2778,3585,2090,606,265,1194,1679,9022
MIA,MIA,2020-21,NBA,MIA,40,32,2,27.4,6-6,217,72,17380,2824,6029,.468,932,2606,.358,1892,3423,.553,1201,1520,.790,579,2409,2988,1895,569,286,1013,1363,7781
MIA,MIA,2019-20,NBA,MIA,44,29,1,25.9,6-6,221,73,17745,2880,6160,.468,979,2584,.379,1901,3576,.532,1440,1840,.783,620,2619,3239,1892,547,332,1088,1501,8179
MIL,MIL,2025-26,NBA,MIL,32,50,3,27.1,6-6,215,82,19755,3345,7012,.477,1240,3205,.387,2105,3807,.553,1142,1564,.730,731,2610,3341,2116,607,326,1247,1617,9072
MIL,MIL,2024-25,NBA,MIL,48,34,3,29.3,6-7,223,82,19755,3445,7082,.486,1161,3003,.387,2284,4079,.560,1421,1895,.750,674,2882,3556,2090,601,384,1097,1469,9472
MIL,MIL,2023-24,NBA,MIL,49,33,1,30.2,6-6,223,82,19805,3538,7258,.487,1163,3122,.373,2375,4136,.574,1517,1960,.774,772,2850,3622,2176,558,413,1059,1574,9756
MIL,MIL,2022-23,NBA,MIL,58,24,1,29.8,6-7,225,82,19830,3504,7411,.473,1217,3306,.368,2287,4105,.557,1364,1837,.743,914,3074,3988,2115,521,403,1199,1481,9589
MIL,MIL,2021-22,NBA,MIL,51,31,1,28.5,6-6,220,82,19755,3429,7331,.468,1153,3151,.366,2276,4180,.544,1459,1881,.776,840,2990,3830,1960,623,326,1100,1494,9470
MIL,MIL,2020-21,NBA,MIL,46,26,1,28.1,6-6,225,72,17330,3221,6610,.487,1038,2669,.389,2183,3941,.554,1169,1539,.760,741,2724,3465,1834,585,334,995,1244,8649
MIL,MIL,2019-20,NBA,MIL,56,17,1,29.2,6-7,228,73,17595,3160,6638,.476,1007,2840,.355,2153,3798,.567,1336,1800,.742,691,3083,3774,1889,526,429,1102,1431,8663
MIN,MIN,2025-26,NBA,MIN,49,33,3,27.9,6-6,220,82,19780,3495,7260,.481,1128,3049,.370,2367,4211,.562,1558,2072,.752,907,2708,3615,2138,717,476,1214,1738,9676
MIN,MIN,2024-25,NBA,MIN,49,33,3,27.2,6-6,220,82,19830,3364,7182,.468,1233,3269,.377,2131,3913,.545,1411,1789,.789,908,2726,3634,2142,654,406,1186,1498,9372
MIN,MIN,2023-24,NBA,MIN,56,26,3,27.2,6-7,221,82,19805,3383,6974,.485,1037,2681,.387,2346,4293,.546,1461,1881,.777,770,2807,3577,2184,647,497,1162,1544,9264
MIN,MIN,2022-23,NBA,MIN,42,40,2,25.8,6-6,218,82,19830,3515,7167,.490,997,2731,.365,2518,4436,.568,1467,1942,.755,749,2686,3435,2145,657,444,1258,1768,9494
MIN,MIN,2021-22,NBA,MIN,46,36,3,24.2,6-6,211,82,19780,3411,7458,.457,1211,3386,.358,2200,4072,.540,1474,1894,.778,921,2700,3621,2106,721,460,1175,1786,9507
MIN,MIN,2020-21,NBA,MIN,23,49,4,23.2,6-5,211,72,17405,2932,6546,.448,944,2706,.349,1988,3840,.518,1265,1662,.761,757,2376,3133,1846,632,398,1027,1507,8073
MIN,MIN,2019-20,NBA,MIN,19,45,5,24.8,6-6,213,64,15560,2586,5865,.441,853,2540,.336,1733,3325,.521,1223,1624,.753,675,2193,2868,1525,555,362,981,1370,7248
NOH,NOH,2025-26,NBA,NOP,26,56,3,24.1,6-6,218,82,19805,3455,7420,.466,914,2635,.347,2541,4785,.531,1649,2104,.784,1002,2596,3598,2058,726,424,1163,1634,9473
NOH,NOH,2024-25,NBA,NOP,21,61,5,25.9,6-6,210,82,19755,3332,7368,.452,986,2839,.347,2346,4529,.518,1356,1799,.754,993,2583,3576,2119,701,429,1201,1499,9006
NOH,NOH,2023-24,NBA,NOP,49,33,2,26.0,6-6,219,82,19705,3484,7165,.486,1023,2673,.383,2461,4492,.548,1445,1873,.771,852,2753,3605,2210,684,378,1067,1508,9436
NOH,NOH,2022-23,NBA,NOP,42,40,2,25.9,6-6,215,82,19855,3447,7180,.480,899,2468,.364,2548,4712,.541,1585,2000,.793,866,2717,3583,2122,681,337,1196,1678,9378
NOH,NOH,2021-22,NBA,NOP,36,46,3,25.6,6-6,212,82,19755,3294,7212,.457,873,2629,.332,2421,4583,.528,1501,1903,.789,981,2726,3707,2047,680,328,1153,1612,8962
NOH,NOH,2020-21,NBA,NOP,31,41,4,24.8,6-6,221,72,17430,3060,6412,.477,762,2190,.348,2298,4222,.544,1369,1878,.729,845,2568,3413,1872,545,315,1052,1295,8251
NOH,NOH,2019-20,NBA,NOP,30,42,5,25.4,6-6,213,72,17430,3065,6598,.465,982,2656,.370,2083,3942,.528,1229,1687,.729,797,2551,3348,1932,539,358,1181,1524,8341
NYK,NYK,2025-26,NBA,NYK,53,29,2,28.1,6-6,216,82,19755,3500,7328,.478,1168,3133,.373,2332,4195,.556,1381,1743,.792,1040,2700,3740,2250,666,322,1119,1638,9549
NYK,NYK,2024-25,NBA,NYK,51,31,2,27.5,6-5,215,82,19880,3553,7315,.486,1031,2794,.369,2522,4521,.558,1357,1696,.800,890,2607,3497,2254,671,324,1088,1407,9494
NYK,NYK,2023-24,NBA,NYK,50,32,2,26.4,6-5,217,82,19730,3385,7272,.465,1083,2936,.369,2302,4336,.531,1396,1789,.780,1039,2665,3704,1998,612,336,1085,1447,9249
NYK,NYK,2022-23,NBA,NYK,47,35,3,24.5,6-6,218,82,19955,3444,7328,.470,1037,2930,.354,2407,4398,.547,1589,2087,.761,1031,2790,3821,1880,527,340,1065,1666,9514
NYK,NYK,2021-22,NBA,NYK,37,45,5,26.0,6-6,218,82,19780,3088,7069,.437,1082,3029,.357,2006,4040,.497,1473,1980,.744,941,2841,3782,1793,570,399,1087,1672,8731
NYK,NYK,2020-21,NBA,NYK,41,31,3,25.6,6-6,217,72,17430,2839,6225,.456,847,2163,.392,1992,4062,.490,1181,1506,.784,696,2554,3250,1541,507,365,932,1473,7706
NYK,NYK,2019-20,NBA,NYK,21,45,5,24.5,6-6,222,66,15965,2638,5896,.447,631,1872,.337,2007,4024,.499,1076,1550,.694,795,2274,3069,1456,504,313,946,1464,6983
OKC,OKC,2025-26,NBA,OKC,64,18,1,25.2,6-6,204,82,19855,3534,7307,.484,1135,3111,.365,2399,4196,.572,1557,1905,.817,784,2834,3618,2113,796,449,1031,1555,9760
OKC,OKC,2024-25,NBA,OKC,68,14,1,24.8,6-6,212,82,19705,3660,7600,.482,1192,3184,.374,2468,4416,.559,1369,1672,.819,871,2801,3672,2202,847,465,961,1631,9881
OKC,OKC,2023-24,NBA,OKC,57,25,1,23.4,6-6,201,82,19805,3653,7324,.499,1090,2805,.389,2563,4519,.567,1451,1759,.825,722,2725,3447,2223,694,538,1039,1545,9847
OKC,OKC,2022-23,NBA,OKC,40,42,3,22.8,6-6,203,82,19855,3533,7590,.465,995,2797,.356,2538,4793,.530,1572,1944,.809,934,2645,3579,2002,676,341,1069,1722,9633
OKC,OKC,2021-22,NBA,OKC,24,58,5,22.4,6-6,206,82,19805,3141,7310,.430,991,3066,.323,2150,4244,.507,1233,1632,.756,854,2887,3741,1822,622,380,1145,1497,8506
OKC,OKC,2020-21,NBA,OKC,22,50,5,22.8,6-7,209,72,17355,2795,6338,.441,857,2529,.339,1938,3809,.509,1113,1536,.725,715,2568,3283,1588,504,316,1162,1305,7560
OKC,OKC,2019-20,NBA,OKC,44,28,2,25.5,6-5,206,72,17430,2879,6156,.468,770,2171,.355,2109,3985,.529,1422,1787,.796,593,2495,3088,1562,550,353,986,1390,7950
ORL,ORL,2025-26,NBA,ORL,45,37,2,24.7,6-7,224,82,19830,3363,7244,.464,961,2799,.343,2402,4445,.540,1804,2251,.801,898,2659,3557,2177,697,387,1162,1719,9491
ORL,ORL,2024-25,NBA,ORL,41,41,1,24.9,6-7,221,82,19730,3130,7034,.445,921,2892,.318,2209,4142,.533,1464,1890,.775,914,2517,3431,1887,729,488,1165,1648,8645
ORL,ORL,2023-24,NBA,ORL,47,35,1,24.0,6-7,224,82,19780,3318,6964,.476,903,2568,.352,2415,4396,.549,1519,2002,.759,861,2608,3469,2023,669,423,1206,1618,9058
ORL,ORL,2022-23,NBA,ORL,34,48,4,23.1,6-7,224,82,19780,3323,7074,.470,883,2551,.346,2440,4523,.539,1607,2050,.784,833,2713,3546,1906,603,382,1236,1652,9136
ORL,ORL,2021-22,NBA,ORL,22,60,5,23.3,6-6,219,82,19780,3139,7240,.434,999,3022,.331,2140,4218,.507,1270,1614,.787,746,2885,3631,1947,555,367,1188,1612,8547
ORL,ORL,2020-21,NBA,ORL,21,51,5,25.6,6-6,218,72,17330,2754,6423,.429,784,2288,.343,1970,4135,.476,1196,1543,.775,747,2525,3272,1571,496,318,924,1237,7488
ORL,ORL,2019-20,NBA,ORL,33,40,2,26.1,6-6,217,73,17570,2871,6468,.444,807,2354,.343,2064,4114,.502,1282,1656,.774,751,2498,3249,1747,599,396,937,1336,7831
PHI,PHI,2025-26,NBA,PHI,45,37,4,25.5,6-6,216,82,19880,3422,7404,.462,1011,2896,.349,2411,4508,.535,1647,2035,.809,967,2612,3579,2017,750,464,1117,1667,9502
PHI,PHI,2024-25,NBA,PHI,24,58,5,27.1,6-5,217,82,19805,3254,7168,.454,1041,3050,.341,2213,4118,.537,1439,1844,.780,852,2411,3263,1901,752,366,1117,1556,8988
PHI,PHI,2023-24,NBA,PHI,47,35,3,28.4,6-6,214,82,19780,3404,7331,.464,992,2733,.363,2412,4598,.525,1597,1934,.826,906,2616,3522,2041,694,492,984,1668,9397
PHI,PHI,2022-23,NBA,PHI,54,28,2,28.2,6-6,224,82,19880,3347,6870,.487,1035,2675,.387,2312,4195,.551,1719,2058,.835,715,2641,3356,2063,635,389,1121,1675,9448
PHI,PHI,2021-22,NBA,PHI,51,31,2,26.8,6-6,220,82,19805,3230,6932,.466,950,2608,.364,2280,4324,.527,1605,1955,.821,700,2770,3470,1945,633,435,1027,1590,9015
PHI,PHI,2020-21,NBA,PHI,49,23,1,27.1,6-6,222,72,17430,2981,6257,.476,811,2169,.374,2170,4088,.531,1409,1836,.767,722,2522,3244,1706,655,447,1040,1456,8182
PHI,PHI,2019-20,NBA,PHI,43,30,3,26.3,6-7,224,73,17595,3000,6417,.468,848,2307,.368,2152,4110,.524,1236,1638,.755,764,2553,3317,1884,586,389,1037,1529,8084
PHO,PHO,2025-26,NBA,PHO,45,37,2,26.8,6-6,216,82,19755,3362,7389,.455,1210,3348,.361,2152,4041,.533,1298,1663,.781,1064,2471,3535,2021,781,347,1188,1691,9232
PHO,PHO,2024-25,NBA,PHO,36,46,5,29.1,6-6,219,82,19830,3381,7075,.478,1176,3112,.378,2205,3963,.556,1379,1702,.810,783,2701,3484,2277,593,392,1153,1471,9317
PHO,PHO,2023-24,NBA,PHO,49,33,2,29.3,6-6,225,82,19780,3482,7063,.493,1020,2671,.382,2462,4392,.561,1548,1915,.808,831,2783,3614,2218,610,492,1221,1475,9532
PHO,PHO,2022-23,NBA,PHO,45,37,2,28.1,6-6,216,82,19780,3453,7388,.467,1001,2674,.374,2452,4714,.520,1412,1781,.793,971,2657,3628,2235,585,432,1110,1739,9319
PHO,PHO,2021-22,NBA,PHO,64,18,1,27.5,6-6,214,82,19730,3581,7389,.485,951,2616,.364,2630,4773,.551,1303,1635,.797,801,2913,3714,2244,702,359,1060,1633,9416
PHO,PHO,2020-21,NBA,PHO,51,21,1,26.6,6-6,212,72,17480,3118,6357,.490,940,2490,.378,2178,3867,.563,1124,1347,.834,630,2462,3092,1939,517,312,902,1374,8300
PHO,PHO,2019-20,NBA,PHO,34,39,3,24.6,6-6,212,73,17595,3006,6429,.468,831,2320,.358,2175,4109,.529,1451,1740,.834,712,2465,3177,1987,559,290,1077,1609,8294
POR,POR,2025-26,NBA,POR,42,40,4,25.2,6-7,227,82,19755,3350,7389,.453,1186,3462,.343,2164,3927,.551,1583,2069,.765,1157,2614,3771,2062,677,448,1417,1634,9469
POR,POR,2024-25,NBA,POR,36,46,4,23.8,6-7,215,82,19780,3325,7396,.450,1057,3095,.342,2268,4301,.527,1386,1820,.762,1095,2576,3671,1952,678,433,1309,1558,9093
POR,POR,2023-24,NBA,POR,21,61,5,24.1,6-7,215,82,19880,3227,7356,.439,939,2723,.345,2288,4633,.494,1329,1680,.791,1036,2469,3505,1894,627,354,1249,1654,8722
POR,POR,2022-23,NBA,POR,33,49,5,25.1,6-6,215,82,19730,3317,7001,.474,1056,2893,.365,2261,4108,.550,1609,2021,.796,774,2551,3325,1981,553,376,1185,1643,9299
POR,POR,2021-22,NBA,POR,27,55,4,25.6,6-5,214,82,19730,3161,7144,.442,1043,3017,.346,2118,4127,.513,1346,1771,.760,854,2661,3515,1880,657,366,1187,1728,8711
POR,POR,2020-21,NBA,POR,42,30,3,27.4,6-5,216,72,17305,2973,6558,.453,1132,2939,.385,1841,3619,.509,1282,1558,.823,766,2441,3207,1531,496,363,799,1362,8360
POR,POR,2019-20,NBA,POR,35,39,4,27.5,6-6,216,74,17835,3122,6749,.463,952,2525,.377,2170,4224,.514,1312,1632,.804,754,2599,3353,1525,465,451,946,1606,8508
SAC,SAC,2025-26,NBA,SAC,22,60,5,28.3,6-6,214,82,19755,3408,7299,.467,843,2476,.340,2565,4823,.532,1443,1870,.772,943,2523,3466,2095,658,372,1175,1614,9102
SAC,SAC,2024-25,NBA,SAC,40,42,4,27.8,6-6,212,82,19880,3529,7385,.478,1032,2887,.357,2497,4498,.555,1400,1738,.806,901,2723,3624,2169,620,357,1092,1548,9490
SAC,SAC,2023-24,NBA,SAC,46,36,4,26.4,6-6,212,82,19855,3553,7455,.477,1178,3219,.366,2375,4236,.561,1274,1710,.745,888,2719,3607,2324,625,342,1078,1632,9558
SAC,SAC,2022-23,NBA,SAC,48,34,1,25.4,6-6,213,82,19830,3573,7232,.494,1128,3060,.369,2445,4172,.586,1624,2055,.790,782,2699,3481,2237,574,275,1106,1616,9898
SAC,SAC,2021-22,NBA,SAC,30,52,5,25.8,6-6,215,82,19805,3321,7223,.460,937,2722,.344,2384,4501,.530,1466,1908,.768,784,2737,3521,1943,588,369,1156,1552,9045
SAC,SAC,2020-21,NBA,SAC,31,41,5,25.6,6-6,214,72,17305,3067,6382,.481,874,2400,.364,2193,3982,.551,1181,1585,.745,674,2307,2981,1836,543,358,963,1400,8189
SAC,SAC,2019-20,NBA,SAC,31,41,4,27.0,6-6,218,72,17455,2943,6364,.462,914,2511,.364,2029,3853,.527,1127,1464,.770,695,2372,3067,1713,556,293,1043,1595,7927
SAS,SAS,2025-26,NBA,SAS,62,20,1,25.4,6-7,217,82,19730,3562,7371,.483,1116,3108,.359,2446,4263,.574,1586,2016,.787,935,2921,3856,2302,617,447,1103,1546,9826
SAS,SAS,2024-25,NBA,SAS,34,48,4,26.0,6-6,213,82,19730,3426,7362,.465,1158,3246,.357,2268,4116,.551,1332,1721,.774,896,2685,3581,2348,674,455,1138,1363,9342
SAS,SAS,2023-24,NBA,SAS,22,60,5,23.0,6-7,212,82,19830,3438,7436,.462,1036,2983,.347,2402,4453,.539,1280,1637,.782,849,2778,3627,2449,584,520,1242,1414,9192
SAS,SAS,2022-23,NBA,SAS,22,60,5,23.9,6-6,217,82,19855,3533,7593,.465,911,2640,.345,2622,4953,.529,1292,1739,.743,965,2619,3584,2232,572,322,1253,1630,9269
SAS,SAS,2021-22,NBA,SAS,34,48,4,24.5,6-6,211,82,19805,3546,7601,.467,925,2626,.352,2621,4975,.527,1262,1673,.754,901,2815,3716,2289,626,403,1043,1483,9279
SAS,SAS,2020-21,NBA,SAS,33,39,3,26.2,6-6,214,72,17480,3014,6518,.462,716,2046,.350,2298,4472,.514,1254,1584,.792,669,2489,3158,1759,505,366,821,1293,7998
SAS,SAS,2019-20,NBA,SAS,32,39,4,27.6,6-6,216,71,17215,2995,6350,.472,760,2021,.376,2235,4329,.516,1348,1664,.810,640,2530,3170,1751,518,390,895,1377,8098
TOR,TOR,2025-26,NBA,TOR,46,36,3,24.8,6-6,213,82,19780,3495,7250,.482,932,2633,.354,2563,4617,.555,1478,1922,.769,895,2557,3452,2417,722,395,1121,1710,9400
TOR,TOR,2024-25,NBA,TOR,30,52,3,24.5,6-6,214,82,19805,3414,7462,.458,969,2786,.348,2445,4676,.523,1294,1729,.748,1034,2666,3700,2340,664,348,1257,1738,9091
TOR,TOR,2023-24,NBA,TOR,25,57,5,25.9,6-6,212,82,19805,3466,7356,.471,942,2712,.347,2524,4644,.543,1339,1772,.756,891,2607,3498,2335,634,388,1147,1509,9213
TOR,TOR,2022-23,NBA,TOR,41,41,5,25.8,6-6,217,82,19805,3434,7489,.459,880,2626,.335,2554,4863,.525,1506,1922,.784,1043,2485,3528,1961,772,424,956,1641,9254
TOR,TOR,2021-22,NBA,TOR,48,34,3,24.8,6-6,216,82,19855,3332,7489,.445,979,2808,.349,2353,4681,.503,1327,1749,.759,1095,2622,3717,1809,738,376,1021,1607,8970
TOR,TOR,2020-21,NBA,TOR,27,45,5,26.6,6-5,215,72,17305,2859,6383,.448,1041,2831,.368,1818,3552,.512,1252,1536,.815,680,2314,2994,1735,618,388,952,1526,8011
TOR,TOR,2019-20,NBA,TOR,53,19,1,26.6,6-5,215,72,17380,2897,6331,.458,995,2663,.374,1902,3668,.519,1329,1670,.796,685,2583,3268,1816,636,358,1067,1559,8118
UTA,UTA,2025-26,NBA,UTA,22,60,5,24.1,6-7,219,82,19830,3489,7469,.467,1036,3006,.345,2453,4463,.550,1628,2071,.786,984,2609,3593,2429,729,309,1272,1733,9642
UTA,UTA,2024-25,NBA,UTA,17,65,5,23.9,6-7,218,82,19805,3305,7272,.454,1144,3267,.350,2161,4005,.540,1421,1836,.774,983,2741,3724,2093,555,360,1412,1549,9175
UTA,UTA,2023-24,NBA,UTA,31,51,4,25.1,6-7,217,82,19805,3443,7371,.467,1060,2993,.354,2383,4378,.544,1538,1853,.830,1002,2725,3727,2232,537,458,1285,1523,9484
UTA,UTA,2022-23,NBA,UTA,37,45,4,26.5,6-6,218,82,19805,3485,7365,.473,1094,3099,.353,2391,4266,.560,1536,1955,.786,968,2794,3762,2129,500,429,1259,1679,9600
UTA,UTA,2021-22,NBA,UTA,49,33,1,29.3,6-5,222,82,19730,3327,7067,.471,1192,3308,.360,2135,3759,.568,1470,1916,.767,884,2916,3800,1836,588,402,1149,1547,9316
UTA,UTA,2020-21,NBA,UTA,52,20,1,28.5,6-6,222,72,17355,2971,6344,.468,1205,3098,.389,1766,3246,.544,1235,1546,.799,765,2709,3474,1703,474,371,1023,1335,8382
UTA,UTA,2019-20,NBA,UTA,44,28,3,27.3,6-6,222,72,17355,2886,6130,.471,963,2537,.380,1923,3593,.535,1278,1641,.779,656,2577,3233,1615,438,292,1089,1468,8013
WAS,WAS,2025-26,NBA,WAS,17,65,5,23.5,6-6,201,82,19755,3428,7409,.463,1070,2983,.359,2358,4426,.533,1332,1738,.766,900,2536,3436,2054,655,452,1284,1750,9258
WAS,WAS,2024-25,NBA,WAS,18,64,5,23.5,6-7,207,82,19730,3233,7371,.439,1075,3210,.335,2158,4161,.519,1315,1690,.778,867,2716,3583,2058,623,420,1276,1618,8856
WAS,WAS,2023-24,NBA,WAS,15,67,5,24.9,6-6,210,82,19730,3523,7493,.470,1015,2915,.348,2508,4578,.548,1266,1657,.764,755,2613,3368,2288,623,415,1147,1637,9327
WAS,WAS,2022-23,NBA,WAS,35,47,3,26.2,6-7,213,82,19755,3456,7127,.485,925,2601,.356,2531,4526,.559,1442,1838,.785,774,2804,3578,2083,561,424,1158,1539,9279
WAS,WAS,2021-22,NBA,WAS,35,47,4,25.9,6-6,214,82,19830,3327,7056,.472,860,2512,.342,2467,4544,.543,1393,1778,.783,737,2798,3535,2052,522,406,1077,1545,8907
WAS,WAS,2020-21,NBA,WAS,34,38,3,26.6,6-6,216,72,17405,3108,6547,.475,733,2088,.351,2375,4459,.533,1449,1884,.769,697,2557,3254,1835,528,297,1037,1555,8398
WAS,WAS,2019-20,NBA,WAS,25,47,4,25.1,6-5,211,72,17355,2990,6544,.457,864,2345,.368,2126,4199,.506,1394,1770,.788,732,2295,3027,1801,574,309,1020,1634,8238
